Timestamp,"1. MOOD STATE: First, there is a list of words which describe people's moods or feelings. Please indicate how well each word describes how you feel AT THE MOMENT. For each word, circle the answer from 1 to 4 which best describes your mood. [Happy]","1. MOOD STATE: First, there is a list of words which describe people's moods or feelings. Please indicate how well each word describes how you feel AT THE MOMENT. For each word, circle the answer from 1 to 4 which best describes your mood. [Dissatisfied]","1. MOOD STATE: First, there is a list of words which describe people's moods or feelings. Please indicate how well each word describes how you feel AT THE MOMENT. For each word, circle the answer from 1 to 4 which best describes your mood. [Energetic]","1. MOOD STATE: First, there is a list of words which describe people's moods or feelings. Please indicate how well each word describes how you feel AT THE MOMENT. For each word, circle the answer from 1 to 4 which best describes your mood. [Relaxed]","1. MOOD STATE: First, there is a list of words which describe people's moods or feelings. Please indicate how well each word describes how you feel AT THE MOMENT. For each word, circle the answer from 1 to 4 which best describes your mood. [Alert]","1. MOOD STATE: First, there is a list of words which describe people's moods or feelings. Please indicate how well each word describes how you feel AT THE MOMENT. For each word, circle the answer from 1 to 4 which best describes your mood. [Nervous]","1. MOOD STATE: First, there is a list of words which describe people's moods or feelings. Please indicate how well each word describes how you feel AT THE MOMENT. For each word, circle the answer from 1 to 4 which best describes your mood. [Passive]","1. MOOD STATE: First, there is a list of words which describe people's moods or feelings. Please indicate how well each word describes how you feel AT THE MOMENT. For each word, circle the answer from 1 to 4 which best describes your mood. [Cheerful]","1. MOOD STATE: First, there is a list of words which describe people's moods or feelings. Please indicate how well each word describes how you feel AT THE MOMENT. For each word, circle the answer from 1 to 4 which best describes your mood. [Tense]","1. MOOD STATE: First, there is a list of words which describe people's moods or feelings. Please indicate how well each word describes how you feel AT THE MOMENT. For each word, circle the answer from 1 to 4 which best describes your mood. [Jittery]","1. MOOD STATE: First, there is a list of words which describe people's moods or feelings. Please indicate how well each word describes how you feel AT THE MOMENT. For each word, circle the answer from 1 to 4 which best describes your mood. [Sluggish]","1. MOOD STATE: First, there is a list of words which describe people's moods or feelings. Please indicate how well each word describes how you feel AT THE MOMENT. For each word, circle the answer from 1 to 4 which best describes your mood. [Sorry]","1. MOOD STATE: First, there is a list of words which describe people's moods or feelings. Please indicate how well each word describes how you feel AT THE MOMENT. For each word, circle the answer from 1 to 4 which best describes your mood. [Composed]","1. MOOD STATE: First, there is a list of words which describe people's moods or feelings. Please indicate how well each word describes how you feel AT THE MOMENT. For each word, circle the answer from 1 to 4 which best describes your mood. [Depressed]","1. MOOD STATE: First, there is a list of words which describe people's moods or feelings. Please indicate how well each word describes how you feel AT THE MOMENT. For each word, circle the answer from 1 to 4 which best describes your mood. [Restful]","1. MOOD STATE: First, there is a list of words which describe people's moods or feelings. Please indicate how well each word describes how you feel AT THE MOMENT. For each word, circle the answer from 1 to 4 which best describes your mood. [Vigourous]","1. MOOD STATE: First, there is a list of words which describe people's moods or feelings. Please indicate how well each word describes how you feel AT THE MOMENT. For each word, circle the answer from 1 to 4 which best describes your mood. [Anxious]","1. MOOD STATE: First, there is a list of words which describe people's moods or feelings. Please indicate how well each word describes how you feel AT THE MOMENT. For each word, circle the answer from 1 to 4 which best describes your mood. [Satisfied]","1. MOOD STATE: First, there is a list of words which describe people's moods or feelings. Please indicate how well each word describes how you feel AT THE MOMENT. For each word, circle the answer from 1 to 4 which best describes your mood. [Unenterprising]","1. MOOD STATE: First, there is a list of words which describe people's moods or feelings. Please indicate how well each word describes how you feel AT THE MOMENT. For each word, circle the answer from 1 to 4 which best describes your mood. [Sad]","1. MOOD STATE: First, there is a list of words which describe people's moods or feelings. Please indicate how well each word describes how you feel AT THE MOMENT. For each word, circle the answer from 1 to 4 which best describes your mood. [Calm]","1. MOOD STATE: First, there is a list of words which describe people's moods or feelings. Please indicate how well each word describes how you feel AT THE MOMENT. For each word, circle the answer from 1 to 4 which best describes your mood. [Active]","1. MOOD STATE: First, there is a list of words which describe people's moods or feelings. Please indicate how well each word describes how you feel AT THE MOMENT. For each word, circle the answer from 1 to 4 which best describes your mood. [Contended]","1. MOOD STATE: First, there is a list of words which describe people's moods or feelings. Please indicate how well each word describes how you feel AT THE MOMENT. For each word, circle the answer from 1 to 4 which best describes your mood. [Tired]","1. MOOD STATE: First, there is a list of words which describe people's moods or feelings. Please indicate how well each word describes how you feel AT THE MOMENT. For each word, circle the answer from 1 to 4 which best describes your mood. [Impatient]","1. MOOD STATE: First, there is a list of words which describe people's moods or feelings. Please indicate how well each word describes how you feel AT THE MOMENT. For each word, circle the answer from 1 to 4 which best describes your mood. [Annoyed]","1. MOOD STATE: First, there is a list of words which describe people's moods or feelings. Please indicate how well each word describes how you feel AT THE MOMENT. For each word, circle the answer from 1 to 4 which best describes your mood. [Angry]","1. MOOD STATE: First, there is a list of words which describe people's moods or feelings. Please indicate how well each word describes how you feel AT THE MOMENT. For each word, circle the answer from 1 to 4 which best describes your mood. [Irritated]","1. MOOD STATE: First, there is a list of words which describe people's moods or feelings. Please indicate how well each word describes how you feel AT THE MOMENT. For each word, circle the answer from 1 to 4 which best describes your mood. [Grouchy]",2. MOTIVATION: Please answer some questions about your attitude to the task you are about to do. Rate following statements by circling one of the following answers: [I expect the content of the task will be interesting],2. MOTIVATION: Please answer some questions about your attitude to the task you are about to do. Rate following statements by circling one of the following answers: [The only reason to do the task is to get an external reward (e.g. payment)],2. MOTIVATION: Please answer some questions about your attitude to the task you are about to do. Rate following statements by circling one of the following answers: [I would rather spend the time doing the task on something else],2. MOTIVATION: Please answer some questions about your attitude to the task you are about to do. Rate following statements by circling one of the following answers: [I am concerned about not doing as well as I can],2. MOTIVATION: Please answer some questions about your attitude to the task you are about to do. Rate following statements by circling one of the following answers: [I want to perform better than most people do],2. MOTIVATION: Please answer some questions about your attitude to the task you are about to do. Rate following statements by circling one of the following answers: [I will become fed up with the task],2. MOTIVATION: Please answer some questions about your attitude to the task you are about to do. Rate following statements by circling one of the following answers: [I am eager to do well],2. MOTIVATION: Please answer some questions about your attitude to the task you are about to do. Rate following statements by circling one of the following answers: [I would be disappointed if I failed to do well on the task],2. MOTIVATION: Please answer some questions about your attitude to the task you are about to do. Rate following statements by circling one of the following answers: [I am committed to attaining my performance goals],2. MOTIVATION: Please answer some questions about your attitude to the task you are about to do. Rate following statements by circling one of the following answers: [Doing the task is worthwhile],2. MOTIVATION: Please answer some questions about your attitude to the task you are about to do. Rate following statements by circling one of the following answers: [I expect to find the task boring],2. MOTIVATION: Please answer some questions about your attitude to the task you are about to do. Rate following statements by circling one of the following answers: [I feel apathetic about my performance],2. MOTIVATION: Please answer some questions about your attitude to the task you are about to do. Rate following statements by circling one of the following answers: [I want to succeed on the task],2. MOTIVATION: Please answer some questions about your attitude to the task you are about to do. Rate following statements by circling one of the following answers: [The task will bring out my competitive drives],2. MOTIVATION: Please answer some questions about your attitude to the task you are about to do. Rate following statements by circling one of the following answers: [I am motivated to do the task],"3. THINKING STYLE: In this section, we are concerned with your thoughts about yourself: how your mind is working, how confident you feel, and how well you expect to perform on the task. Below are some statements which may describe your style of thought RIGHT NOW. Read each one carefully and indicate how true each statement is of your thoughts AT THE MOMENT. To answer, circle one of the following answers: [I'm trying to figure myself out.]","3. THINKING STYLE: In this section, we are concerned with your thoughts about yourself: how your mind is working, how confident you feel, and how well you expect to perform on the task. Below are some statements which may describe your style of thought RIGHT NOW. Read each one carefully and indicate how true each statement is of your thoughts AT THE MOMENT. To answer, circle one of the following answers: [I'm very aware of myself.]","3. THINKING STYLE: In this section, we are concerned with your thoughts about yourself: how your mind is working, how confident you feel, and how well you expect to perform on the task. Below are some statements which may describe your style of thought RIGHT NOW. Read each one carefully and indicate how true each statement is of your thoughts AT THE MOMENT. To answer, circle one of the following answers: [I'm reflecting about myself.]","3. THINKING STYLE: In this section, we are concerned with your thoughts about yourself: how your mind is working, how confident you feel, and how well you expect to perform on the task. Below are some statements which may describe your style of thought RIGHT NOW. Read each one carefully and indicate how true each statement is of your thoughts AT THE MOMENT. To answer, circle one of the following answers: [I'm daydreaming about myself.]","3. THINKING STYLE: In this section, we are concerned with your thoughts about yourself: how your mind is working, how confident you feel, and how well you expect to perform on the task. Below are some statements which may describe your style of thought RIGHT NOW. Read each one carefully and indicate how true each statement is of your thoughts AT THE MOMENT. To answer, circle one of the following answers: [I'm thinking deeply about myself.]","3. THINKING STYLE: In this section, we are concerned with your thoughts about yourself: how your mind is working, how confident you feel, and how well you expect to perform on the task. Below are some statements which may describe your style of thought RIGHT NOW. Read each one carefully and indicate how true each statement is of your thoughts AT THE MOMENT. To answer, circle one of the following answers: [I'm attending to my inner feelings.]","3. THINKING STYLE: In this section, we are concerned with your thoughts about yourself: how your mind is working, how confident you feel, and how well you expect to perform on the task. Below are some statements which may describe your style of thought RIGHT NOW. Read each one carefully and indicate how true each statement is of your thoughts AT THE MOMENT. To answer, circle one of the following answers: [I'm examining my motives.]","3. THINKING STYLE: In this section, we are concerned with your thoughts about yourself: how your mind is working, how confident you feel, and how well you expect to perform on the task. Below are some statements which may describe your style of thought RIGHT NOW. Read each one carefully and indicate how true each statement is of your thoughts AT THE MOMENT. To answer, circle one of the following answers: [I feel that I'm off somewhere watching myself.]","3. THINKING STYLE: In this section, we are concerned with your thoughts about yourself: how your mind is working, how confident you feel, and how well you expect to perform on the task. Below are some statements which may describe your style of thought RIGHT NOW. Read each one carefully and indicate how true each statement is of your thoughts AT THE MOMENT. To answer, circle one of the following answers: [I feel confident about my abilities.]","3. THINKING STYLE: In this section, we are concerned with your thoughts about yourself: how your mind is working, how confident you feel, and how well you expect to perform on the task. Below are some statements which may describe your style of thought RIGHT NOW. Read each one carefully and indicate how true each statement is of your thoughts AT THE MOMENT. To answer, circle one of the following answers: [I am worried about whether I am regarded as a success or failure.]","3. THINKING STYLE: In this section, we are concerned with your thoughts about yourself: how your mind is working, how confident you feel, and how well you expect to perform on the task. Below are some statements which may describe your style of thought RIGHT NOW. Read each one carefully and indicate how true each statement is of your thoughts AT THE MOMENT. To answer, circle one of the following answers: [I feel self-conscious.]","3. THINKING STYLE: In this section, we are concerned with your thoughts about yourself: how your mind is working, how confident you feel, and how well you expect to perform on the task. Below are some statements which may describe your style of thought RIGHT NOW. Read each one carefully and indicate how true each statement is of your thoughts AT THE MOMENT. To answer, circle one of the following answers: [I feel as smart as others.]","3. THINKING STYLE: In this section, we are concerned with your thoughts about yourself: how your mind is working, how confident you feel, and how well you expect to perform on the task. Below are some statements which may describe your style of thought RIGHT NOW. Read each one carefully and indicate how true each statement is of your thoughts AT THE MOMENT. To answer, circle one of the following answers: [I am worried about what other people think of me.]","3. THINKING STYLE: In this section, we are concerned with your thoughts about yourself: how your mind is working, how confident you feel, and how well you expect to perform on the task. Below are some statements which may describe your style of thought RIGHT NOW. Read each one carefully and indicate how true each statement is of your thoughts AT THE MOMENT. To answer, circle one of the following answers: [I feel confident that I understand things]","3. THINKING STYLE: In this section, we are concerned with your thoughts about yourself: how your mind is working, how confident you feel, and how well you expect to perform on the task. Below are some statements which may describe your style of thought RIGHT NOW. Read each one carefully and indicate how true each statement is of your thoughts AT THE MOMENT. To answer, circle one of the following answers: [I feel inferior to others at this moment.]","3. THINKING STYLE: In this section, we are concerned with your thoughts about yourself: how your mind is working, how confident you feel, and how well you expect to perform on the task. Below are some statements which may describe your style of thought RIGHT NOW. Read each one carefully and indicate how true each statement is of your thoughts AT THE MOMENT. To answer, circle one of the following answers: [I feel concerned about the impression I am making.]","3. THINKING STYLE: In this section, we are concerned with your thoughts about yourself: how your mind is working, how confident you feel, and how well you expect to perform on the task. Below are some statements which may describe your style of thought RIGHT NOW. Read each one carefully and indicate how true each statement is of your thoughts AT THE MOMENT. To answer, circle one of the following answers: [I feel that I have less scholastic ability right now than others.]","3. THINKING STYLE: In this section, we are concerned with your thoughts about yourself: how your mind is working, how confident you feel, and how well you expect to perform on the task. Below are some statements which may describe your style of thought RIGHT NOW. Read each one carefully and indicate how true each statement is of your thoughts AT THE MOMENT. To answer, circle one of the following answers: [I am worried about looking foolish.]","3. THINKING STYLE: In this section, we are concerned with your thoughts about yourself: how your mind is working, how confident you feel, and how well you expect to perform on the task. Below are some statements which may describe your style of thought RIGHT NOW. Read each one carefully and indicate how true each statement is of your thoughts AT THE MOMENT. To answer, circle one of the following answers: [My attention is directed towards things other than the task.]","3. THINKING STYLE: In this section, we are concerned with your thoughts about yourself: how your mind is working, how confident you feel, and how well you expect to perform on the task. Below are some statements which may describe your style of thought RIGHT NOW. Read each one carefully and indicate how true each statement is of your thoughts AT THE MOMENT. To answer, circle one of the following answers: [I am finding physical sensations such as muscular tension distracting.]","3. THINKING STYLE: In this section, we are concerned with your thoughts about yourself: how your mind is working, how confident you feel, and how well you expect to perform on the task. Below are some statements which may describe your style of thought RIGHT NOW. Read each one carefully and indicate how true each statement is of your thoughts AT THE MOMENT. To answer, circle one of the following answers: [I expect my performance will be impaired by thoughts irrelevant to the task.]","3. THINKING STYLE: In this section, we are concerned with your thoughts about yourself: how your mind is working, how confident you feel, and how well you expect to perform on the task. Below are some statements which may describe your style of thought RIGHT NOW. Read each one carefully and indicate how true each statement is of your thoughts AT THE MOMENT. To answer, circle one of the following answers: [I have too much to think about to be able to concentrate on the task.]","3. THINKING STYLE: In this section, we are concerned with your thoughts about yourself: how your mind is working, how confident you feel, and how well you expect to perform on the task. Below are some statements which may describe your style of thought RIGHT NOW. Read each one carefully and indicate how true each statement is of your thoughts AT THE MOMENT. To answer, circle one of the following answers: [My thinking is generally clear and sharp]","3. THINKING STYLE: In this section, we are concerned with your thoughts about yourself: how your mind is working, how confident you feel, and how well you expect to perform on the task. Below are some statements which may describe your style of thought RIGHT NOW. Read each one carefully and indicate how true each statement is of your thoughts AT THE MOMENT. To answer, circle one of the following answers: [I will find it hard to maintain my concentration for more than a short time.]","3. THINKING STYLE: In this section, we are concerned with your thoughts about yourself: how your mind is working, how confident you feel, and how well you expect to perform on the task. Below are some statements which may describe your style of thought RIGHT NOW. Read each one carefully and indicate how true each statement is of your thoughts AT THE MOMENT. To answer, circle one of the following answers: [My mind is wandering a great deal.]","3. THINKING STYLE: In this section, we are concerned with your thoughts about yourself: how your mind is working, how confident you feel, and how well you expect to perform on the task. Below are some statements which may describe your style of thought RIGHT NOW. Read each one carefully and indicate how true each statement is of your thoughts AT THE MOMENT. To answer, circle one of the following answers: [My thoughts are confused and difficult to control.]","3. THINKING STYLE: In this section, we are concerned with your thoughts about yourself: how your mind is working, how confident you feel, and how well you expect to perform on the task. Below are some statements which may describe your style of thought RIGHT NOW. Read each one carefully and indicate how true each statement is of your thoughts AT THE MOMENT. To answer, circle one of the following answers: [I expect to perform proficiently on this task.]","3. THINKING STYLE: In this section, we are concerned with your thoughts about yourself: how your mind is working, how confident you feel, and how well you expect to perform on the task. Below are some statements which may describe your style of thought RIGHT NOW. Read each one carefully and indicate how true each statement is of your thoughts AT THE MOMENT. To answer, circle one of the following answers: [Generally, I feel in control of things.]","3. THINKING STYLE: In this section, we are concerned with your thoughts about yourself: how your mind is working, how confident you feel, and how well you expect to perform on the task. Below are some statements which may describe your style of thought RIGHT NOW. Read each one carefully and indicate how true each statement is of your thoughts AT THE MOMENT. To answer, circle one of the following answers: [I can handle any difficulties I encounter.]","3. THINKING STYLE: In this section, we are concerned with your thoughts about yourself: how your mind is working, how confident you feel, and how well you expect to perform on the task. Below are some statements which may describe your style of thought RIGHT NOW. Read each one carefully and indicate how true each statement is of your thoughts AT THE MOMENT. To answer, circle one of the following answers: [I consider myself skillful at the task.]","4. THINKING CONTENT: This set of questions concerns the kinds of thoughts that go through people's heads at particular times, for example while they are doing some task or activity. Below is a list of thoughts, some of which you might have had recently. Please indicate roughly how often you had each thought DURING THE LAST TEN MINUTES or so, by circling a number from the list below. [I thought about how I should work more carefully.]","4. THINKING CONTENT: This set of questions concerns the kinds of thoughts that go through people's heads at particular times, for example while they are doing some task or activity. Below is a list of thoughts, some of which you might have had recently. Please indicate roughly how often you had each thought DURING THE LAST TEN MINUTES or so, by circling a number from the list below. [I thought about how much time I had left.]","4. THINKING CONTENT: This set of questions concerns the kinds of thoughts that go through people's heads at particular times, for example while they are doing some task or activity. Below is a list of thoughts, some of which you might have had recently. Please indicate roughly how often you had each thought DURING THE LAST TEN MINUTES or so, by circling a number from the list below. [I thought about how others have done on this task.]","4. THINKING CONTENT: This set of questions concerns the kinds of thoughts that go through people's heads at particular times, for example while they are doing some task or activity. Below is a list of thoughts, some of which you might have had recently. Please indicate roughly how often you had each thought DURING THE LAST TEN MINUTES or so, by circling a number from the list below. [I thought about the difficulty of the problems.]","4. THINKING CONTENT: This set of questions concerns the kinds of thoughts that go through people's heads at particular times, for example while they are doing some task or activity. Below is a list of thoughts, some of which you might have had recently. Please indicate roughly how often you had each thought DURING THE LAST TEN MINUTES or so, by circling a number from the list below. [I thought about my level of ability.]","4. THINKING CONTENT: This set of questions concerns the kinds of thoughts that go through people's heads at particular times, for example while they are doing some task or activity. Below is a list of thoughts, some of which you might have had recently. Please indicate roughly how often you had each thought DURING THE LAST TEN MINUTES or so, by circling a number from the list below. [I thought about the purpose of the experiment.]","4. THINKING CONTENT: This set of questions concerns the kinds of thoughts that go through people's heads at particular times, for example while they are doing some task or activity. Below is a list of thoughts, some of which you might have had recently. Please indicate roughly how often you had each thought DURING THE LAST TEN MINUTES or so, by circling a number from the list below. [I thought about how I would feel if I were told how I performed.]","4. THINKING CONTENT: This set of questions concerns the kinds of thoughts that go through people's heads at particular times, for example while they are doing some task or activity. Below is a list of thoughts, some of which you might have had recently. Please indicate roughly how often you had each thought DURING THE LAST TEN MINUTES or so, by circling a number from the list below. [I thought about how often I get confused.]","4. THINKING CONTENT: This set of questions concerns the kinds of thoughts that go through people's heads at particular times, for example while they are doing some task or activity. Below is a list of thoughts, some of which you might have had recently. Please indicate roughly how often you had each thought DURING THE LAST TEN MINUTES or so, by circling a number from the list below. [I thought about members of my family]","4. THINKING CONTENT: This set of questions concerns the kinds of thoughts that go through people's heads at particular times, for example while they are doing some task or activity. Below is a list of thoughts, some of which you might have had recently. Please indicate roughly how often you had each thought DURING THE LAST TEN MINUTES or so, by circling a number from the list below. [I thought about something that made me feel guilty.]","4. THINKING CONTENT: This set of questions concerns the kinds of thoughts that go through people's heads at particular times, for example while they are doing some task or activity. Below is a list of thoughts, some of which you might have had recently. Please indicate roughly how often you had each thought DURING THE LAST TEN MINUTES or so, by circling a number from the list below. [I thought about personal worries.]","4. THINKING CONTENT: This set of questions concerns the kinds of thoughts that go through people's heads at particular times, for example while they are doing some task or activity. Below is a list of thoughts, some of which you might have had recently. Please indicate roughly how often you had each thought DURING THE LAST TEN MINUTES or so, by circling a number from the list below. [I thought about something that made me feel angry.]","4. THINKING CONTENT: This set of questions concerns the kinds of thoughts that go through people's heads at particular times, for example while they are doing some task or activity. Below is a list of thoughts, some of which you might have had recently. Please indicate roughly how often you had each thought DURING THE LAST TEN MINUTES or so, by circling a number from the list below. [I thought about something that happened earlier today.]","4. THINKING CONTENT: This set of questions concerns the kinds of thoughts that go through people's heads at particular times, for example while they are doing some task or activity. Below is a list of thoughts, some of which you might have had recently. Please indicate roughly how often you had each thought DURING THE LAST TEN MINUTES or so, by circling a number from the list below. [I thought about something that happened in the recent past    (last few days, but not today).]","4. THINKING CONTENT: This set of questions concerns the kinds of thoughts that go through people's heads at particular times, for example while they are doing some task or activity. Below is a list of thoughts, some of which you might have had recently. Please indicate roughly how often you had each thought DURING THE LAST TEN MINUTES or so, by circling a number from the list below. [I thought about something that happened in the distant past]","4. THINKING CONTENT: This set of questions concerns the kinds of thoughts that go through people's heads at particular times, for example while they are doing some task or activity. Below is a list of thoughts, some of which you might have had recently. Please indicate roughly how often you had each thought DURING THE LAST TEN MINUTES or so, by circling a number from the list below. [I thought about something that might happen in the future.]",Please enter you identifier:
11/7/2018 9:09:06 .  #dont use,Slightly Not,Slightly Not,Slightly Not,Slightly Not,Slightly,Slightly,Slightly,Slightly,Slightly,Slightly,Slightly,Slightly,Slightly,Slightly Not,Slightly Not,Defintely not,Slightly Not,Slightly Not,Slightly Not,Slightly Not,Slightly,Slightly Not,Slightly,Slightly,Definitely,Definitely,Definitely,Definitely,Definitely,Somewhat,Somewhat,Somewhat,Somewhat,Somewhat,Very much,Not at all,Very much,Very much,Very much,Very much,Very much,Very much,Not at all,Not at all,Not at all,Not at all,A little Bit,A little Bit,Not at all,A little Bit,A little Bit,A little Bit,Somewhat,Somewhat,Somewhat,Very Much,Very Much,Somewhat,Somewhat,Somewhat,Somewhat,Somewhat,Somewhat,Somewhat,Somewhat,Somewhat,Somewhat,Somewhat,Somewhat,Somewhat,Somewhat,Somewhat,Somewhat,Somewhat,A few times,A few times,A few times,A few times,A few times,A few times,A few times,A few times,A few times,A few times,Often,Often,Often,A few times,A few times,A few times,
11/7/2018 11:28:26,Slightly,Defintely not,Definitely,Slightly,Slightly,Slightly Not,Defintely not,Slightly,Slightly Not,Defintely not,Defintely not,Defintely not,Definitely,Defintely not,Slightly Not,Slightly,Slightly,Slightly,Slightly Not,Defintely not,Slightly,Slightly,Slightly,Slightly Not,Defintely not,Defintely not,Defintely not,Defintely not,Defintely not,Very much,Not at all,A little bit,Very much,Exteremely,Somewhat,Exteremely,Very much,Exteremely,Exteremely,A little bit,A little bit,Exteremely,Exteremely,Exteremely,Not at all,Very Much,Very Much,A little Bit,Very Much,Very Much,Somewhat,A little Bit,Very Much,A little Bit,Very Much,Extremely,A little Bit,Very Much,Not at all,Somewhat,Not at all,A little Bit,Somewhat,Somewhat,A little Bit,A little Bit,Very Much,A little Bit,A little Bit,Not at all,Very Much,Very Much,Very Much,Very Much,A few times,Very Often,A few times,Often,Often,Often,Once,A few times,Never,Never,Never,Never,A few times,Once,Never,Once,1LGQ1
11/7/2018 12:46:30,Slightly,Slightly Not,Slightly Not,Slightly,Slightly,Slightly Not,Slightly,Slightly,Slightly Not,Defintely not,Defintely not,Defintely not,Slightly,Defintely not,Slightly Not,Slightly,Slightly,Definitely,Slightly Not,Defintely not,Definitely,Slightly,Slightly,Slightly Not,Defintely not,Defintely not,Defintely not,Defintely not,Defintely not,Very much,A little bit,Somewhat,Very much,Exteremely,A little bit,Very much,Very much,Very much,Very much,A little bit,Somewhat,Exteremely,Exteremely,Exteremely,Not at all,Very Much,Very Much,A little Bit,A little Bit,A little Bit,Not at all,Not at all,Very Much,A little Bit,Somewhat,Extremely,A little Bit,Extremely,Not at all,A little Bit,Not at all,A little Bit,Somewhat,A little Bit,A little Bit,A little Bit,Very Much,A little Bit,A little Bit,Not at all,Extremely,Very Much,Extremely,Very Much,Very Often,Very Often,Often,Often,Very Often,Once,A few times,A few times,Never,Never,Never,Never,Never,Never,Never,Never,1LGQ3
11/8/2018 17:52:26,Slightly,Slightly Not,Slightly Not,Slightly,Slightly,Slightly Not,Slightly Not,Slightly,Defintely not,Slightly,Slightly,Defintely not,Definitely,Defintely not,Slightly,Slightly Not,Slightly Not,Slightly,Slightly Not,Defintely not,Definitely,Slightly,Defintely not,Slightly,Slightly Not,Defintely not,Defintely not,Defintely not,Defintely not,Very much,A little bit,Somewhat,Somewhat,Very much,Somewhat,Very much,Very much,Very much,Very much,A little bit,A little bit,Very much,Somewhat,Very much,Not at all,Very Much,A little Bit,A little Bit,A little Bit,Somewhat,Somewhat,Not at all,Very Much,Extremely,Extremely,Very Much,Somewhat,Somewhat,Not at all,Somewhat,Somewhat,A little Bit,Somewhat,A little Bit,Somewhat,Somewhat,Very Much,Somewhat,Somewhat,A little Bit,Somewhat,Very Much,Somewhat,Somewhat,Once,Never,Once,Never,Once,Once,Once,Never,Once,Never,Once,Never,Once,Once,Once,Once,1DSQ1
11/8/2018 19:17:04,Slightly,Slightly Not,Slightly Not,Slightly,Slightly,Slightly Not,Slightly Not,Slightly,Defintely not,Slightly Not,Slightly Not,Defintely not,Slightly,Defintely not,Slightly Not,Slightly Not,Defintely not,Slightly,Slightly,Defintely not,Slightly,Slightly Not,Defintely not,Definitely,Slightly Not,Slightly Not,Defintely not,Defintely not,Defintely not,Somewhat,Not at all,Somewhat,Not at all,Very much,Somewhat,Somewhat,A little bit,Somewhat,Very much,A little bit,A little bit,Very much,Somewhat,Very much,Not at all,Very Much,A little Bit,A little Bit,Not at all,A little Bit,A little Bit,Not at all,Very Much,Somewhat,A little Bit,Very Much,A little Bit,Very Much,Not at all,A little Bit,A little Bit,A little Bit,Somewhat,Somewhat,Somewhat,A little Bit,Very Much,Somewhat,Somewhat,A little Bit,Very Much,Very Much,Somewhat,Very Much,Once,A few times,A few times,A few times,A few times,Once,Once,Never,Once,Never,Once,Never,Once,Never,Never,Once,1DSQ3
11/13/2018 12:54:09,Slightly,Slightly,Slightly,Slightly,Definitely,Slightly Not,Slightly,Slightly,Defintely not,Slightly Not,Slightly Not,Slightly Not,Slightly,Defintely not,Slightly,Slightly,Defintely not,Slightly,Slightly Not,Defintely not,Slightly,Slightly,Slightly,Slightly Not,Slightly Not,Slightly Not,Defintely not,Defintely not,Defintely not,Very much,Not at all,A little bit,A little bit,A little bit,Somewhat,Somewhat,A little bit,Somewhat,Very much,Somewhat,A little bit,Somewhat,A little bit,Very much,A little Bit,Very Much,Somewhat,A little Bit,A little Bit,A little Bit,A little Bit,Not at all,Somewhat,A little Bit,A little Bit,Very Much,Somewhat,Very Much,Not at all,A little Bit,Not at all,A little Bit,Somewhat,A little Bit,A little Bit,A little Bit,Very Much,A little Bit,A little Bit,A little Bit,Very Much,Very Much,Somewhat,Somewhat,Once,A few times,Once,Once,Once,Once,Never,Once,A few times,Once,Once,Never,Once,Once,Never,A few times,2DSQ1
11/14/2018 11:54:32,Slightly,Defintely not,Definitely,Definitely,Defintely not,Defintely not,Slightly Not,Slightly,Defintely not,Defintely not,Defintely not,Defintely not,Definitely,Defintely not,Definitely,Slightly,Defintely not,Definitely,Defintely not,Defintely not,Definitely,Slightly,Slightly,Defintely not,Defintely not,Defintely not,Defintely not,Slightly Not,Defintely not,Exteremely,Not at all,Not at all,Not at all,Very much,Not at all,Exteremely,Somewhat,Very much,Very much,Not at all,Not at all,Very much,Very much,Exteremely,Not at all,Extremely,Very Much,A little Bit,Somewhat,A little Bit,A little Bit,Not at all,Very Much,Somewhat,Very Much,Very Much,Very Much,Extremely,Not at all,Somewhat,Not at all,Not at all,Not at all,Somewhat,Somewhat,Not at all,Extremely,Not at all,A little Bit,Not at all,Very Much,Extremely,Very Much,Very Much,Often,Never,Often,Often,Once,Very Often,A few times,Once,Never,Never,Never,Never,Never,Never,Never,Often,1ULQ1
11/14/2018 18:13:44,Slightly,Defintely not,Slightly,Slightly,Slightly,Defintely not,Defintely not,Slightly,Defintely not,Defintely not,Slightly Not,Defintely not,Slightly,Defintely not,Slightly,Slightly,Defintely not,Slightly,Defintely not,Defintely not,Slightly,Slightly,Slightly,Slightly,Defintely not,Slightly Not,Defintely not,Defintely not,Defintely not,Very much,Not at all,A little bit,Somewhat,Exteremely,Not at all,Exteremely,Exteremely,Exteremely,Very much,A little bit,A little bit,Exteremely,Very much,Very much,Not at all,Extremely,Very Much,Not at all,Not at all,Not at all,Not at all,Not at all,Very Much,Not at all,Extremely,Extremely,Not at all,Extremely,Not at all,A little Bit,Extremely,Not at all,A little Bit,Not at all,Not at all,Not at all,Extremely,A little Bit,Not at all,Not at all,Extremely,Very Much,Extremely,Extremely,Often,Never,A few times,Once,Once,A few times,Never,Never,Never,Never,Once,Never,Never,Never,Never,Never,2LGQ1
11/15/2018 13:29:25,Definitely,Defintely not,Slightly,Slightly,Defintely not,Defintely not,Defintely not,Slightly,Defintely not,Defintely not,Defintely not,Defintely not,Slightly,Defintely not,Definitely,Slightly,Defintely not,Slightly,Defintely not,Defintely not,Slightly Not,Slightly,Slightly,Defintely not,Defintely not,Defintely not,Defintely not,Defintely not,Defintely not,Exteremely,Not at all,Not at all,A little bit,Exteremely,Not at all,Somewhat,Not at all,Somewhat,Very much,Not at all,Not at all,Very much,Somewhat,Not at all,A little Bit,Very Much,A little Bit,A little Bit,Not at all,Not at all,Somewhat,Not at all,Very Much,Not at all,Very Much,Very Much,A little Bit,Extremely,Not at all,Not at all,Not at all,Not at all,Not at all,Somewhat,Somewhat,Not at all,Extremely,Not at all,Not at all,Not at all,Very Much,Very Much,Very Much,Very Much,Once,Never,Once,Once,Never,Once,Never,Once,Never,Never,Never,Never,Never,Never,Never,Never,2ULQ1
11/16/2018 10:42:24,Definitely,Defintely not,Slightly,Definitely,Defintely not,Defintely not,Defintely not,Slightly,Defintely not,Defintely not,Defintely not,Defintely not,Slightly,Defintely not,Slightly,Slightly,Defintely not,Slightly,Defintely not,Defintely not,Defintely not,Slightly,Slightly,Slightly Not,Defintely not,Defintely not,Defintely not,Defintely not,Defintely not,Exteremely,Not at all,Not at all,Not at all,Very much,Not at all,Somewhat,Not at all,Somewhat,Very much,Not at all,Not at all,Very much,Somewhat,Exteremely,Not at all,Somewhat,A little Bit,Not at all,Not at all,Not at all,Somewhat,Not at all,Very Much,Not at all,Very Much,Very Much,A little Bit,Very Much,Not at all,A little Bit,Not at all,Not at all,Not at all,Somewhat,Not at all,Not at all,Very Much,A little Bit,Not at all,Not at all,Very Much,Very Much,Very Much,Very Much,Once,Never,Never,Once,Never,Once,Once,Never,Never,Never,Never,Never,Never,Never,Never,Never,2ULQ11
11/16/2018 13:01:05,Slightly,Defintely not,Slightly,Slightly,Slightly,Slightly Not,Slightly Not,Slightly,Defintely not,Slightly Not,Slightly Not,Defintely not,Slightly,Defintely not,Slightly,Slightly,Defintely not,Slightly,Defintely not,Defintely not,Slightly,Slightly,Slightly,Slightly Not,Defintely not,Defintely not,Defintely not,Defintely not,Defintely not,Somewhat,Not at all,A little bit,A little bit,A little bit,A little bit,A little bit,Not at all,A little bit,Somewhat,A little bit,A little bit,A little bit,A little bit,Somewhat,A little Bit,Very Much,A little Bit,A little Bit,Not at all,A little Bit,Not at all,Not at all,Very Much,Somewhat,A little Bit,Somewhat,A little Bit,Very Much,Not at all,A little Bit,Not at all,A little Bit,A little Bit,Not at all,A little Bit,A little Bit,Very Much,A little Bit,A little Bit,Not at all,Somewhat,Very Much,Somewhat,Somewhat,Never,A few times,Once,Once,Once,Never,Never,Never,Once,Never,Once,Never,A few times,Never,Never,Once,3DSQ1
11/16/2018 14:22:41,Slightly,Defintely not,Slightly,Slightly,Slightly,Defintely not,Defintely not,Slightly,Defintely not,Defintely not,Defintely not,Defintely not,Slightly,Defintely not,Slightly Not,Slightly,Defintely not,Slightly,Defintely not,Defintely not,Slightly,Slightly,Slightly Not,Slightly,Defintely not,Defintely not,Defintely not,Defintely not,Defintely not,Very much,Not at all,Somewhat,Very much,Exteremely,A little bit,Exteremely,Exteremely,Exteremely,Exteremely,A little bit,Not at all,Exteremely,Exteremely,Exteremely,Not at all,Very Much,A little Bit,Not at all,Not at all,Not at all,Not at all,Not at all,Extremely,Not at all,Very Much,Extremely,A little Bit,Extremely,Not at all,A little Bit,Not at all,Not at all,A little Bit,Not at all,A little Bit,Not at all,Very Much,A little Bit,A little Bit,Not at all,Extremely,Extremely,Extremely,Extremely,Once,Never,A few times,Never,Once,Never,Never,Never,Never,Never,Never,A few times,Once,Once,Once,Once,3LGQ1
11/20/2018 14:42:12,Slightly,Defintely not,Slightly,Slightly,Defintely not,Defintely not,Defintely not,Slightly,Slightly Not,Defintely not,Defintely not,Defintely not,Slightly,Defintely not,Slightly,Slightly,Defintely not,Slightly,Defintely not,Defintely not,Slightly,Slightly Not,Slightly,Defintely not,Defintely not,Defintely not,Defintely not,Defintely not,Defintely not,Very much,Not at all,Not at all,A little bit,Very much,Not at all,Somewhat,A little bit,Somewhat,Very much,Not at all,Not at all,Very much,Somewhat,Exteremely,Not at all,A little Bit,A little Bit,Not at all,Not at all,Not at all,A little Bit,Not at all,Very Much,A little Bit,Very Much,Very Much,Not at all,Very Much,Not at all,Not at all,Not at all,Not at all,Not at all,Somewhat,Not at all,Not at all,Extremely,Not at all,Not at all,Not at all,Very Much,Very Much,Very Much,Very Much,Once,Never,Never,Once,Never,Never,Once,Never,Never,Never,Never,Never,Never,Never,Never,Never,3ULQ1
11/25/2018 13:50:25,Definitely,Defintely not,Definitely,Definitely,Definitely,Slightly,Definitely,Definitely,Defintely not,Defintely not,Defintely not,Defintely not,Definitely,Defintely not,Definitely,Definitely,Slightly,Definitely,Defintely not,Defintely not,Definitely,Definitely,Definitely,Defintely not,Slightly,Defintely not,Defintely not,Defintely not,Defintely not,Very much,Not at all,Somewhat,A little bit,Not at all,Not at all,Very much,Not at all,Very much,Very much,Somewhat,Not at all,Very much,Somewhat,Very much,Not at all,Extremely,Somewhat,Somewhat,A little Bit,Not at all,A little Bit,A little Bit,Very Much,Not at all,Not at all,Somewhat,Not at all,Extremely,Not at all,Very Much,Not at all,Not at all,A little Bit,Not at all,A little Bit,A little Bit,Very Much,A little Bit,A little Bit,Not at all,Very Much,Extremely,Extremely,Very Much,Never,Never,Never,Once,Once,Never,Never,Once,Very Often,Never,Very Often,Never,Very Often,Very Often,Never,Very Often,